"","Corr","8","9","10","11","12","13","14"
"K acetylation",-0.3693136996955,-3,-1.58646081249958,-1.18425501204409,-3,-3,-0.468094743896263,0.399149003104911
"R citrullination",0.662417942899076,-2.21268970939127,-2.05014315540889,-0.711760251027486,-1.39276140892166,-0.439591766096424,-2.18306960570354,-2.62852403060435
"C cysteinylation",0.690590731825128,-0.284045793007309,-2.09133647554077,-1.48711820585802,-1.88472851235095,-2.09034218372287,-0.746324018069444,-0.110550012332106
"N deamidation",0.990445024664092,-1.82019970906573,-2.08498795388656,-2.63653457640332,-2.03633830121219,-3,-2.86641079129092,-2.42066539071136
"Q deamidation",0.989423269784611,-1.09377830391592,-1.25246872689696,-1.18814310316057,-2.38804673889778,-2.96466936390192,-2.96313476148053,-1.3054993537212
"M dimethylation",0.597909106301069,-3,-0.768521573860023,-0.437715519281404,-3,-0.593879418253057,0.74356566372221,-3
"P dimethylation",0.890233007072246,-2.71825014786733,-1.78982871515865,-2.81009280108651,-3,-3,-3,-3
"R dimethylation",0.923730431323148,-2.46248664973224,-1.82294144215359,-2.65119413424582,-3,-3,-3,-3
"D methylation",0.861218624262085,-1.90258555227368,-2.68691627968828,-1.0508923298376,-1.28208442022593,-3,-3,-3
"K methylation",0.776392758049226,-1.04272599506937,-3,-1.54914827235093,-1.12295270537084,-3,0.151399796762294,-3
"L methylation",0.828493055357121,-1.43092033996938,-2.1507653488169,-3,-0.455886590168794,-3,-3,-3
"M methylation",0.967305564627638,-0.801023686143924,-0.586455511664398,-0.105614437180295,-0.765011686372113,-3,-0.62617453803925,-3
"R methylation",0.746487301184574,-3,-1.89510975249906,-1.85374205560681,-3,-3,-3,-2.25423147509645
"S methylation",0.885785836184969,-2.12593237813685,-1.24715527297138,-2.09959137610327,-3,-3,-1.40769559853007,-0.368173529051521
"N n-glycosylation",-0.259940516436616,-3,-3,-1.51454566441793,0.589374298090241,-0.514938663159503,-0.224496370185704,-3
"C oxidation",0.887574438252465,-0.784465255869013,-0.704899052881854,0.272980026719335,0.19970319141954,1.08502647734799,0.714031057383652,-3
"D oxidation",0.987135885369747,-2.03866137175975,-2.25070644385002,-3,-2.37002484328727,-3,-3,-3
"E oxidation",0.99517071385295,-0.96857438887707,-1.21258173703955,-1.33881527805004,-2.7829524665173,-3,-3,-3
"G oxidation",0.880412748662851,-1.47706342136481,-0.810855271153952,-0.634007118544407,-3,-2.2413187691147,-3,-3
"I oxidation",0.594433644122565,-1.37522964486583,-3,-3,-0.589210490703443,-3,-3,-3
"K oxidation",0.449604669560121,-2.60336308730215,-3,-1.44938767223662,-1.02319210525653,-1.75127674245878,-0.733227404088788,-0.837289770820916
"L oxidation",0.315147966825987,-3,-1.8651268236299,-2.84043383354307,0.951015640262088,-0.497235054616227,-0.0626443693761972,-0.310961095045586
"M oxidation",0.991079008346133,-1.76547619321039,-1.57373562863984,-1.38516117626501,-1.62845342685243,-1.60535503764645,-2.17100777357771,-0.846095768607313
"N oxidation",0.875698895626064,-1.06055758601656,-2.66700764885387,-0.353889360324126,-1.58956049458059,-3,-1.7936761962,-1.80584283318296
"P oxidation",0.811078658285716,-2.63040255242137,-2.67989742295014,-1.75770368851949,-1.18590953951857,-1.00194282465948,-2.25913313808046,-3
"Q oxidation",0.647540278837995,-2.43397776717038,-0.819885535827217,-0.841466544602938,-0.849851772885287,-3,-3,-3
"R oxidation",-0.181628579764947,-3,-2.96829377286867,-0.343507826376753,-1.34366236628883,0.819512236032345,-1.58322253232687,-3
"S oxidation",0.446524012199895,-3,-1.21227604504468,-0.512186972757137,-1.10833592949621,-0.863622768062626,-3,-3
"T oxidation",0.864264489552716,-2.30359215208191,-1.58039206497145,-1.65158560694958,-3,-0.516738705706105,0.0209572108128448,0.0580818785434609
"V oxidation",0.539980367164631,-2.82964601625514,-2.0483989954516,-2.88137790703018,0.510073959849017,-1.20114433593985,-0.879825661779254,-3
"W oxidation",0.54162083318195,-1.83485693833225,-1.3251374651563,-0.651524317975116,-1.04855476672712,-0.312349444342334,0.0951142157232128,2.45538511564209
"Y oxidation",0.949137185341131,-1.59154521559064,-1.56130199552597,-3,-1.03673809135682,-3,-1.71563375395575,-3
"S phosphorylation",0.985968497511374,-2.44751085688152,-2.43292569446224,-2.83994102455461,-3,-3,-2.62792422451695,-2.79400469329821
"T phosphorylation",0.993450314953641,-1.90131623863675,-1.84856138368292,-2.47872256367869,-3,-3,-2.26469391139648,-3
"Y phosphorylation",0.264579116829442,-3,-1.170487876208,-1.91993261837875,-3,-3,-0.381296435046596,-3
"K ubiquitination",0.0522803543206369,-2.9366173218592,-2.52930943833566,-1.29985899562387,-1.22878767080735,-0.345693681706732,-0.583698727476036,-0.854084426808527
"S ubiquitination",-0.399807995194757,-3,-1.6081648998568,-1.19290869941334,-0.116411916312713,-0.244860756459648,0.736491742143457,0.663570518536439
"T ubiquitination",-0.119402591033819,-2.53058032428657,-1.708673915826,-1.05752718148108,-0.640906540025082,0.914308704416292,1.45200462093524,2.09372844993104
