"","Corr","1","2","3","4","5","6","7","8","9","10","11","12","13","14"
"K acetylation",0.362199552867917,-0.495567624140843,-3,1.88895865107688,0.843850177211856,-2.01299403671996,-0.0989981284154866,-3,-3,-0.591139401604702,0.780559262919842,-3,-3,1.47766800397292,2.3055875878528
"F artifact oxidation",0.556809688483254,1.89094935301471,0.809839925159823,-0.491053655316371,-2.22992077724237,-1.47367169837333,-0.837405143001803,-2.87895543603117,-3,-2.73656128621522,1.1065625208176,-3,-0.563700368965108,-0.0868967992462247,-2.44375721385651
"H artifact oxidation",0.446273492319772,1.42271674334803,0.292408809888984,-3,-0.560786723522519,-0.0119949530080117,-0.805349204943641,0.224962207988294,-0.536426871009274,-3,-3,2.85288221011742,-3,-3,-3
"M artifact oxidation",0.966495841634504,-0.317366552115398,0.319664954543384,0.0324561125652512,-0.76106371128483,-0.5892305684942,-0.35635167275307,-0.139966489935227,-0.057724310010708,0.139543754438673,0.499187402743941,0.257465995445273,0.138160031509209,-0.0805138881610916,0.0673820530639743
"W artifact oxidation",0.890170082546516,-0.577709686153635,-1.97649264467301,0.37318959982528,-0.851473787574837,-1.51929431827459,-1.22299521616505,0.730258662026702,0.457585941557284,-0.74260801532052,0.320392266974917,0.890940430072557,0.627406271417197,0.0754942061316643,2.20978245373876
"C carbamidomethylation",0.384157952708403,2.29139387578794,0.694359310488694,-0.104135458379786,-3,-1.88074324000523,-0.360228866430308,-0.410053701617851,0.188038380223473,-1.61897604037859,0.784623099982855,0.624164389715969,0.567463280356845,1.72454553583012,-2.31331067728474
"R citrullination",0.838915477053243,-0.854274163444311,-0.979586378596167,0.327148908575516,-0.670658070207756,-0.00850372117024969,0.0201002855846327,-0.315688802004839,0.116374047969014,0.26103339537341,1.3320112870033,0.900762327741276,1.2660777394784,0.0758339975769294,-0.403196044751695
"C cysteinylation",0.485897935463552,1.4691400932684,-1.01104018366108,-1.52793890738719,0.576011904711054,0.371892164872361,-0.923597579447803,0.891956717524849,1.00321130171976,-0.815017828644807,-0.189740969442251,-0.717335982933983,-0.976448300053108,0.257608258966329,0.859696183894836
"N deamidation",0.974105849392616,-0.411197601028055,-0.58453741499977,0.412636339234418,0.300389141244254,0.220232876479724,0.224686897747296,-0.0570726981504928,-0.0761981986684582,-0.644259434934537,-0.679270368578313,-0.152223182337176,-1.65731752784732,-1.15338864251599,-0.645903203285255
"Q deamidation",0.898790220018371,-0.594122168672866,-0.794807756529972,-0.256264408756112,0.303896029128025,0.0580144416523325,-0.236763276284153,0.0596664531392866,0.471503260979699,0.377201496617573,0.760324893065122,-0.45930592964535,-1.28971388174951,-1.43362567030147,-0.0679595165363137
"P dimethylation",0.960561554678733,-0.207918602214713,0.272152478445481,0.43777471903921,-0.365229979376883,-1.37754445763426,0.175421625740839,0.822423221498547,-3,-3,0.938041353298187,-3,-3,-2.87353665557216,-1.98824973292828
"R dimethylation",0.745795874524643,-0.519744776796637,-0.687510224541733,1.3031315354771,0.611108024032055,-0.480122364887095,-1.33283666623712,-0.44539618020892,-0.422913708306057,-0.581172938815158,0.331319922328262,-3,-3,-3,-3
"D methylation",0.541797738305577,0.135591958808143,-3,-3,-0.287910957173963,-0.0319326644953199,-0.869942784289713,1.37990671291424,0.904146100477545,0.100562499410879,1.72980485181042,1.4665175367836,-3,-3,-3
"L methylation",0.724846505478744,1.65882304970683,0.541129932035219,0.661830720910771,-3,-0.541400515558814,-0.90791662814381,0.292819002709646,-0.346627383816203,-1.06332191869008,-3,0.207609381055657,-3,-3,-2.50065846814546
"R methylation",0.824192403727082,-0.0899044361021379,-1.64874065437716,1.04076866373703,-0.375612637917927,0.0991264846396675,-0.757799379390429,-0.186340057489382,-1.14407497339598,-3,1.31153731013772,-3,0.0280884630909299,-3,0.790082767020742
"S methylation",0.771635383869516,0.543693089419075,1.12336323773654,0.0025937282980552,0.0906441234732822,-0.0126095335988391,-3,0.353918704327605,-0.555936225825267,0.533023585179282,0.238994381392197,-3,-3,-3,1.80428051901207
"N n-glycosylation",0.51307462446479,-0.970313514409871,0.569107593812254,-0.215799693973043,0.218112534374517,-0.280755351827435,-1.62028845427278,0.647836319951017,-0.457784961038343,-3,0.595036312611669,2.5219693078082,-3,1.27470836212263,-3
"C oxidation",-0.101312129820685,1.67155629255513,0.0791051358524789,-3,-3,-3,-1.29398566135476,-3,0.24111919181364,-1.82488382781382,2.63558305417398,0.994457530482313,2.24132143110724,1.11825484973555,-2.31331067728474
"E oxidation",0.58108743127845,1.76451036551409,-3,-3,-0.279769465201065,-2.20098330699187,-0.933500401028252,-0.425254316625676,1.21955201136625,-1.06538780888535,2.32315060061648,-3,-3,-3,-3
"G oxidation",0.230409135205782,1.95847928605388,-0.724743078187212,-3,-3,-1.64487335387524,-1.31529371240025,0.650029235769159,-0.288135473837277,-3,2.77615390755147,-3,-3,-3,-3
"I oxidation",0.154393099049347,2.34048278502274,1.72772537232328,-3,-3,-3,-3,-3,-0.0132626579894342,-3,-3,2.30853494123446,-3,-3,-1.67427714796613
"K oxidation",0.617459351174874,1.72591963384682,-0.192162368711471,-3,-1.17128850916437,-0.852652301597478,-2.43199087469475,-0.544048347158467,-2.42620107971623,-3,0.96413103706265,0.400583225020087,-0.323389803237228,1.25305931971988,-3
"L oxidation",0.306307639752327,0.876227521188509,0.461038906166873,-3,-1.28356601017262,-1.7672950978512,-3,-1.91606915427705,-3,-1.33278083803415,0.634570836547027,3,1.08389244176857,0.540650692169152,-2.50065846814546
"M oxidation",0.668814224102558,0.950826165311073,0.595877542375692,-0.0096021859092021,-1.53019008373026,-0.966252640274756,-1.54703095840888,-1.68099355251663,-1.40637182367042,-3,1.88777307720534,0.892567698508531,0.555270332752992,-0.252727105097153,-2.56112682226738
"N oxidation",0.253416726876011,1.52918425500843,-3,-3,-0.248900216041041,-1.63508587874174,-0.374970878726386,-1.54800236239994,0.797996028609144,-3,2.39662511335915,1.7944463863004,-3,-3,-3
"P oxidation",0.905643974319433,-1.46061217644934,0.147061379997352,-0.814918855195413,-0.425159475043451,0.119199502988908,-1.65511001478156,-0.188659772615768,-1.68667051045566,-3,2.21487242180618,2.97236111687779,2.30660799569537,1.00407314630434,-1.98824973292828
"Q oxidation",0.1072570494129,1.67667456671876,1.16167113920745,-1.15160985532951,-3,0.597532768405058,-3,-3,-1.30137763834878,-0.10816697323407,2.25358277242091,0.830756799035208,-3,-3,-3
"R oxidation",0.0394777255852562,-0.174398993737968,-0.917549432171401,-2.47539227553269,-1.17745612438947,-0.356017775594531,-0.414150731070447,-1.39659665292851,-1.37411418102565,-0.2457646588083,2.64731604286004,1.37073423453924,3,1.09054273614121,-3
"S oxidation",0.37836832247133,1.65704522205478,-3,-2.8609435405248,-2.08546376284653,-3,-1.02394454658426,-1.47566206710334,-2.15291309447222,-2.01208164926893,2.38602224180224,1.71403421926901,1.95078049285956,-3,-2.61580859944999
"T oxidation",0.246053049716021,2.50242861438722,0.977879788940065,-1.28779637452031,-3,-0.884780548247171,-0.187308966923742,-2.17040677606637,-1.23634217674304,-3,1.27258514154371,-3,-3,-3,-2.71148666234459
"V oxidation",0.0161960109805827,2.63524212086398,1.34973879772382,-3,-0.842696076765498,-3,-0.924044004189713,-3,-3,-1.62328786294972,-0.923787162834156,1.27327245285347,2.27769369533884,-3,-2.3209351568943
"Y oxidation",0.689740216203065,1.33086459538243,0.409916119757817,-2.02789502337846,-0.877328903519067,-0.49372991473316,-3,-0.487445662974353,0.246203752783496,-3,-0.1295516204025,1.84945355265267,-3,-3,-2.76724039101782
"S phosphorylation",0.559333999954041,-0.837834634110303,-1.7439034641141,-0.548583754425484,1.86680322828647,-0.101700539705269,0.245830436839927,-1.05708845227192,-0.644804820440016,-0.592512743311101,-1.16978767297567,-3,-3,-1.58249354112105,-1.30842306214651
"T phosphorylation",0.709774623957131,-0.00226663189956453,-0.765257478007976,-0.131221656196471,1.52776160177154,-0.0209954710694055,0.100049716811121,-0.550101011972005,-0.442303148922002,-0.259712912693255,-0.779402777076556,-1.88114687700189,-3,-0.980104653357043,-2.71148666234459
"Y phosphorylation",0.833868201188482,1.00468586937649,-0.523512066904401,1.01033601937252,-0.513017105578936,-1.10928962547437,-1.67616476677964,-1.10300537371556,-2.13727114977232,0.0108450304932676,-0.734513306830105,-3,-3,0.754118857837293,-2.76724039101782
"K sumoylation",-0.0914260283341997,0.263855583186701,1.54932388688475,-0.593543616206987,-3,-2.05466682716197,-3,-1.74606287272296,-1.68878636763809,-3,1.31510141143026,1.73107948225039,3,2.42320015084927,1.28714483643112
"K ubiquitination",0.60706387978099,0.331194361425074,1.311063617547,0.270461004169843,-0.572673380769006,-0.328952198201694,-0.841298665449124,-2.2298834443796,-1.35440006925059,-0.650285921860146,0.910022391442689,0.91808141703107,1.56193078878545,1.51544823156062,0.109921176454399
"S ubiquitination",-0.163639880729211,-0.092273780696519,1.59439455046507,0.0991132252659159,-1.11831195088341,-1.2185079478004,-2.00337430031701,-2.60767728468972,-2.71767925245466,0.311466199580696,1.0863475155064,1.99400721800582,2.52345444283938,2.97025268229682,2.14977246953949
"T ubiquitination",-0.00805738564631513,1.2469329337456,0.597754213545321,0.739257344575333,-0.259241999427293,-0.563943373463912,-1.61899245773188,-2.81762248788985,-1.67978247699004,-0.645703891164725,0.607485579774438,1.32259864896997,1.86074705370233,2.05682381473379,3
